{"cameraMode":{"drawMode":0,"name":"Shaded","section":"Shading Mode"},"sceneLighting":true,"audioPlay":false,"sceneViewState":{"m_AlwaysRefresh":false,"showFog":true,"showSkybox":true,"showFlares":true,"showImageEffects":true,"showParticleSystems":true,"showVisualEffectGraphs":true,"m_FxEnabled":false},"in2DMode":false,"pivot":{"x":0.6496307849884033,"y":4.068813800811768,"z":-17.610240936279298},"rotation":{"x":-0.013497688807547093,"y":0.01679370179772377,"z":-0.00022672077466268092,"w":-0.9997659921646118},"size":8.658915519714356,"orthographic":false}